company,industry sector,retained_earnings,revenue,ebit,current_assets,current_liabilities,total_assets,total_liabilities,working_capital,market_value_equity,latest credit rating (if applicable),sector,trade_credit,utility_pay,bank_tx,tax_compliance,digital_footprint,fcf_vol_ratio,cf_int_cov,revenue_quality,business_age_years,mgmt_track_record,industry_survival_rate,geo_risk,Country,Country Rating,X1,X2,X3,X4,X5,Z_raw,alt_adj,cf_adj,qual_adj,scale_pen,lev_pen,Z_adj,PD_model,PD_final,Rating
RETRO GREEN REVOLUTION LTD,Trading Companies & Distributors,-2256000,185279,-4958000,12455000,2671000,385903008,8179000,9784000,222288296.0,,Industrials,0.6,0.5,0.4,0.7,0.6,0.2,1.5,0.5,4,0.5,0.6,0.4,India,BBB-,0.02535352095519297,-0.00584602854404286,-0.012847787908406249,10.0,0.00048011805080306605,2.9733527809143174,0.1200000000000001,0.4330325854993241,-0.8,-1.0,0.0,1.7263853664136413,0.0010401616063289757,0.02356807272284804,BB
CHANDNI MACHINES LTD,Trading Companies & Distributors,69939000,23777891,2761000,156552992,120504000,224772992,122560000,36049000,145234485.0,,Industrials,0.6,0.5,0.4,0.7,0.6,0.2,1.5,0.5,4,0.5,0.6,0.4,India,BBB-,0.16037958866517202,0.31115393080677595,0.012283504238801075,1.1850072209530027,0.10578624588491485,0.8939475592270599,0.1200000000000001,0.4330325854993241,-0.8,0.0,-0.7,-0.05301985527361586,0.0010798423427726017,0.023585929054247674,BB
PENTOKEY ORGANY (INDIA) LTD,Trading Companies & Distributors,31846000,97744,-2165000,80487000,3285000,97857000,3285000,77202000,268719427.0,,Industrials,0.6,0.5,0.4,0.7,0.6,0.2,1.5,0.5,4,0.5,0.6,0.4,India,BBB-,0.7889266991630645,0.3254340517285427,-0.022124119889226114,10.0,0.0009988452537886916,3.718421656090009,0.1200000000000001,0.4330325854993241,-0.8,-1.0,0.0,2.471454241589334,0.0010235465704125579,0.023560595956685654,BB
GOYAL ALUMINIUMS LTD,Trading Companies & Distributors,80096000,9051966,19742000,171380000,20566000,244056000,21227000,150814000,1184682101.0,,Industrials,0.6,0.5,0.4,0.7,0.6,0.2,1.5,0.5,4,0.5,0.6,0.4,India,BBB-,0.6179483397253089,0.32818697348149606,0.08089127085586914,10.0,0.037089708919264434,4.015751024355066,0.1200000000000001,0.4330325854993241,-0.8,0.0,0.0,3.768783609854391,0.000994616125500247,0.023547577256475112,BB
UMS HOLDINGS BERHAD,Trading Companies & Distributors,121243000,16153797,3946589,102251000,4771000,169736992,5840000,97480000,85449000.0,,Industrials,0.6,0.5,0.4,0.7,0.6,0.2,1.5,0.5,4,0.5,0.6,0.4,Malaysia,A-,0.5743002680287865,0.7142992141630505,0.023251201482349822,10.0,0.09516957269986262,4.088308172092504,0.1200000000000001,0.4330325854993241,-0.8,0.0,0.0,3.841340757591829,0.000992998101105702,0.0045000000000000005,A-
TURBO-MECH BHD,Trading Companies & Distributors,67846000,9244044,-602000,80396000,5815000,130218000,8329000,74581000,44280000.0,,Industrials,0.6,0.5,0.4,0.7,0.6,0.2,1.5,0.5,4,0.5,0.6,0.4,Malaysia,A-,0.5727395598150793,0.5210185995791673,-0.0046230167872337155,5.316364509544964,0.07098898769755334,2.439407717144925,0.1200000000000001,0.4330325854993241,-0.8,0.0,0.0,2.1924403026442487,0.0010297685812510331,0.0045000000000000005,A-
FILTRA CONSULTANTS &ENG LTD,Trading Companies & Distributors,241750000,10327766,42084000,329319008,124163000,371129984,129380000,205156000,657840000.0,,Industrials,0.6,0.5,0.4,0.7,0.6,0.2,1.5,0.5,4,0.5,0.6,0.4,India,BBB-,0.552787456806508,0.6513890292410327,0.11339423332607909,5.084557118565466,0.02782789439076957,2.7458272210581787,0.1200000000000001,0.4330325854993241,-0.8,0.0,0.0,2.498859806557503,0.0010229354263137677,0.023560320941841198,BB
P M TELELINKS LTD,Trading Companies & Distributors,-14431000,816158,132000,105084000,21106000,107425000,21106000,83978000,65286000.0,,Industrials,0.6,0.5,0.4,0.7,0.6,0.2,1.5,0.5,4,0.5,0.6,0.4,India,BBB-,0.7817360949499651,-0.1343355829648592,0.001228764254130789,3.0932436274045294,0.007597468000930882,1.5056897835902208,0.1200000000000001,0.4330325854993241,-0.8,-1.0,0.0,0.25872236908954505,0.001072890491169303,0.023582800721026188,BB
EURO LEDER FASHION LTD,"Textiles, Apparel & Luxury Goods",107023000,2177400,-3752000,243084992,185200000,403296992,257176000,57885000,91395649.0,,Consumer Discretionary,0.6,0.5,0.4,0.7,0.6,0.2,1.5,0.5,4,0.5,0.6,0.4,India,BBB-,0.14352946128593988,0.26537019150393265,-0.009303317590823985,0.3553817191339783,0.005398998859877438,0.33235956667278266,0.1200000000000001,0.4330325854993241,-0.8,-1.0,-0.7,-1.6146078478278931,0.002601234464235166,0.028670555508905828,BB
SHRI DINESH MILLS LTD,"Textiles, Apparel & Luxury Goods",1887556992,7870502,50994000,2214395904,517264992,2643929088,650585984,1697131008,1833630513.0,,Consumer Discretionary,0.6,0.5,0.4,0.7,0.6,0.2,1.5,0.5,4,0.5,0.6,0.4,India,BBB-,0.6418973245926934,0.7139211866789674,0.019287204120354985,2.8184291670814723,0.0029768203828619477,1.7894660583250466,0.1200000000000001,0.4330325854993241,-0.8,0.0,0.0,1.5424986438243706,0.0,0.027500000000000004,BB
JATTASHANKAR INDUSTRIES LTD,"Textiles, Apparel & Luxury Goods",140539008,966644,-14526000,198320000,402000,198332992,13923000,197918000,1152929826.0,,Consumer Discretionary,0.6,0.5,0.4,0.7,0.6,0.2,1.5,0.5,4,0.5,0.6,0.4,India,BBB-,0.9979075997603062,0.7086012598448573,-0.07324046218190466,10.0,0.0048738436820435806,3.9060327794580947,0.1200000000000001,0.4330325854993241,-0.8,-1.0,0.0,2.65906536495742,0.0,0.027500000000000004,BB
DHANLAXMI FABRICS LTD,"Textiles, Apparel & Luxury Goods",387676000,1551229,-51103000,157207008,26736000,515420992,41934000,130471000,514866000.0,,Consumer Discretionary,0.6,0.5,0.4,0.7,0.6,0.2,1.5,0.5,4,0.5,0.6,0.4,India,BBB-,0.2531348199337601,0.7521540760218008,-0.0991480766076365,10.0,0.0030096348889103843,3.2375858956090013,0.1200000000000001,0.4330325854993241,-0.8,-1.0,0.0,1.9906184811083252,0.0,0.027500000000000004,BB
GUJARAT HY-SPIN LTD,"Textiles, Apparel & Luxury Goods",23619000,10949974,-12403000,202484000,138767008,330928000,139808992,63717000,348399987.0,,Consumer Discretionary,0.6,0.5,0.4,0.7,0.6,0.2,1.5,0.5,4,0.5,0.6,0.4,India,BBB-,0.1925403713194411,0.07137202049992748,-0.03747945172363777,2.491971238874249,0.0330886899869458,0.8723089779089508,0.1200000000000001,0.4330325854993241,-0.8,0.0,0.0,0.6253415634082751,0.0001574339769306281,0.027570845289618787,BB
SJ CORP LTD,"Textiles, Apparel & Luxury Goods",75456000,1811373,-3441000,78135000,10101000,93912000,10101000,68034000,469049695.0,,Consumer Discretionary,0.6,0.5,0.4,0.7,0.6,0.2,1.5,0.5,4,0.5,0.6,0.4,India,BBB-,0.7244441604906722,0.8034755941732686,-0.03664068489649885,10.0,0.019287982366470738,3.8916266930743673,0.1200000000000001,0.4330325854993241,-0.8,-1.0,0.0,2.644659278573692,0.0,0.027500000000000004,BB
VOITH PAPER FABRICS INDIA LT,"Textiles, Apparel & Luxury Goods",3802800128,22287210,374510016,2836300032,354190016,4272130048,425400000,2482109952,8489718407.0,,Consumer Discretionary,0.6,0.5,0.4,0.7,0.6,0.2,1.5,0.5,4,0.5,0.6,0.4,India,BBB-,0.5810005604024159,0.8901414716483836,0.0876635335984978,10.0,0.005216884727194522,4.227127321195256,0.1200000000000001,0.4330325854993241,-0.8,0.0,0.0,3.9801599066945803,0.0,0.027500000000000004,BB
BINDAL EXPORTS LTD,"Textiles, Apparel & Luxury Goods",43521000,3194950,6982000,92136000,17558000,108566000,19041000,74578000,129317247.0,,Consumer Discretionary,0.6,0.5,0.4,0.7,0.6,0.2,1.5,0.5,4,0.5,0.6,0.4,India,BBB-,0.6869369784278687,0.40087135935744156,0.06431111029235673,6.791515519142902,0.029428642484755817,3.071386089156647,0.1200000000000001,0.4330325854993241,-0.8,-1.0,0.0,1.8244186746559707,0.0,0.027500000000000004,BB
RUDRA ECOVATION LTD,"Textiles, Apparel & Luxury Goods",940380992,3146007,-28035000,119911000,103154000,1265515008,210766000,16757000,5645204550.0,,Consumer Discretionary,0.6,0.5,0.4,0.7,0.6,0.2,1.5,0.5,4,0.5,0.6,0.4,India,BBB-,0.013241249526137583,0.7430816592891801,-0.022153036370786368,10.0,0.002485949973024737,3.3095701019137973,0.1200000000000001,0.4330325854993241,-0.8,-1.0,0.0,2.062602687413121,0.0,0.027500000000000004,BB
MK EXIM INDIA LTD,"Textiles, Apparel & Luxury Goods",570809024,10966276,224512000,892150976,29487000,1007136000,32654000,862664000,2755064813.0,,Consumer Discretionary,0.6,0.5,0.4,0.7,0.6,0.2,1.5,0.5,4,0.5,0.6,0.4,India,BBB-,0.8565516474438407,0.5667645918723986,0.22292123407365044,10.0,0.010888575127887396,4.770625083404823,0.1200000000000001,0.4330325854993241,-0.8,0.0,0.0,4.523657668904148,0.0,0.027500000000000004,BB
HEADS UP VENTURES LTD,Specialty Retail,-67480000,167947,7630000,171088992,25954000,182640000,29294000,145135008,225242608.0,,Consumer Discretionary,0.6,0.5,0.4,0.7,0.6,0.2,1.5,0.5,4,0.5,0.6,0.4,India,BBB-,0.7946507227332458,-0.3694699956197985,0.04177617170389838,7.689035570423978,0.0009195521243977223,2.90575195671633,0.1200000000000001,0.4330325854993241,-0.8,-1.0,0.0,1.6587845422156544,0.0,0.027500000000000004,BB
PNGS GARGI FASHION JEWELLERY,Specialty Retail,893283008,14947738,368636000,1082247040,108159000,1171970048,175108992,974088000,9648293495.0,,Consumer Discretionary,0.6,0.5,0.4,0.7,0.6,0.2,1.5,0.5,4,0.5,0.6,0.4,India,BBB-,0.8311543470435176,0.7622063460789059,0.3145438747595024,10.0,0.012754368616765197,5.1724389495660565,0.1200000000000001,0.4330325854993241,-0.8,0.0,0.0,4.925471535065381,0.0,0.027500000000000004,BB
TOTAL DYNAMIC HOLDINGS SDN B,Software,-2165000,3059965,3388000,10715000,943000,16043000,1838000,9772000,,,Technology,0.6,0.5,0.4,0.7,0.6,0.2,1.5,0.5,4,0.5,0.6,0.4,India,BBB-,0.6091130087888799,-0.13494982235242786,0.21118244717322196,,0.19073521161877455,,0.1200000000000001,0.4330325854993241,-0.8,-1.0,0.0,,0.0,0.02365,BB
JF TECHNOLOGY BHD,Semiconductors & Semiconductor Equipment,36554000,9209511,2414000,82588000,5567000,146478000,13733000,77021000,454258497.0,,Technology,0.6,0.5,0.4,0.7,0.6,0.2,1.5,0.5,4,0.5,0.6,0.4,Malaysia,A-,0.5258195770013244,0.24955283387266347,0.01648029055557831,10.0,0.06287299799287265,3.7288590914676605,0.1200000000000001,0.4330325854993241,-0.8,0.0,0.0,3.4818916769669848,0.001042199933469335,0.0045000000000000005,A-
BENGAL STEEL INDUSTRIES LTD,Real Estate Management & Development,51086000,67434,1634000,24661000,8164000,108646000,8164000,16497000,245000.0,,Real Estate,0.6,0.5,0.4,0.7,0.6,0.2,1.5,0.5,4,0.5,0.6,0.4,India,BBB-,0.1518417613165694,0.470205990096276,0.015039670121311416,0.030009799118079373,0.000620676324945235,0.41945954191129775,0.1200000000000001,0.4330325854993241,-0.8,-1.0,0.0,-0.8275078725893781,0.011489803564045168,0.035420411603820326,BB-
PRIME PROPERTY DEVELOPMENT,Real Estate Management & Development,720040000,923888,20055000,781718016,153848992,975372992,170478000,627868992,630305901.0,,Real Estate,0.6,0.5,0.4,0.7,0.6,0.2,1.5,0.5,4,0.5,0.6,0.4,India,BBB-,0.6437219372996541,0.7382201536291872,0.020561364897829774,3.6972858726639215,0.0009472150731850488,2.067132595742268,0.1200000000000001,0.4330325854993241,-0.8,-1.0,0.0,0.820165181241592,0.009613697118031074,0.034576163703113984,BB-
AMJ LAND HOLDINGS LTD,Real Estate Management & Development,2189543936,9185971,243064000,1261112064,311257984,2694429952,414071008,949854016,2590789944.0,,Real Estate,0.6,0.5,0.4,0.7,0.6,0.2,1.5,0.5,4,0.5,0.6,0.4,India,BBB-,0.35252503606373214,0.8126186150709773,0.09020980479361893,6.25687356502873,0.0034092446876124987,2.8879442120479846,0.1200000000000001,0.4330325854993241,-0.8,0.0,0.0,2.6409767975473084,0.007540448179240732,0.03364320168065833,BB-
SHREE KRISHNA INFRASTRUCTURE,Real Estate Management & Development,9024700,94118,3800,35848600,601900,119626600,601900,35246700,615890018.0,,Real Estate,0.6,0.5,0.4,0.7,0.6,0.2,1.5,0.5,4,0.5,0.6,0.4,India,BBB-,0.29463931934870674,0.0754405792691592,3.1765510346361096e-05,10.0,0.0007867648165207404,3.2751164540327986,0.1200000000000001,0.4330325854993241,-0.8,-1.0,0.0,2.0281490395321224,0.008238238377627143,0.03395720726993222,BB-
INFOLLION RESEARCH SERVICES,Professional Services,85436000,4362643,67770000,178982000,18417000,180055008,19950000,160564992,4703516150.0,,Industrials,0.6,0.5,0.4,0.7,0.6,0.2,1.5,0.5,4,0.5,0.6,0.4,India,BBB-,0.8917552129402588,0.47449943741637,0.3763849767511049,10.0,0.02422950102004383,5.316460309729346,0.1200000000000001,0.4330325854993241,-0.8,-1.0,0.0,4.069492895228671,0.0009879103084364006,0.023544559638796383,BB
IMEC SERVICES LTD,Professional Services,251571008,3339154,248934000,312544992,43412000,314158016,43587000,269132992,157320006.0,,Industrials,0.6,0.5,0.4,0.7,0.6,0.2,1.5,0.5,4,0.5,0.6,0.4,India,BBB-,0.8566803273929512,0.8007785737989891,0.7923846832544296,3.6093331956776105,0.010628899566261585,4.963137698040165,0.1200000000000001,0.4330325854993241,-0.8,-1.0,0.0,3.7161702835394896,0.0009957894026770694,0.023548105231204684,BB
CORAL LABORATORIES LTD,Pharmaceuticals,1976332032,13605827,242288000,1765449984,249575008,2294642944,282584992,1515874944,2110334864.0,,Healthcare,0.6,0.5,0.4,0.7,0.6,0.2,1.5,0.5,4,0.5,0.6,0.4,India,BBB-,0.6606147365818671,0.8612808529395325,0.10558854075032947,7.4679651210917815,0.005929387417583343,3.580940419524114,0.1200000000000001,0.4330325854993241,-0.8,0.0,0.0,3.333973005023439,0.0011717163914314692,0.015927272376144164,BB+
PAR DRUGS AND CHEMICALS LTD,Pharmaceuticals,733273984,11945779,193814000,596236032,124391000,1016110976,159791008,471844992,1217543695.0,,Healthcare,0.6,0.5,0.4,0.7,0.6,0.2,1.5,0.5,4,0.5,0.6,0.4,India,BBB-,0.4643636405321145,0.7216475378374418,0.19074097670213533,7.619600816336298,0.01175637236694902,3.7093010894366736,0.1200000000000001,0.4330325854993241,-0.8,0.0,0.0,3.462333674935998,0.0011279827559462312,0.015907592240175808,BB+
JENBURKT PHARMACEUTICALS,Pharmaceuticals,1673638016,17946027,376646016,565315008,188192992,1961859968,244088992,377121984,5589444450.0,,Healthcare,0.6,0.5,0.4,0.7,0.6,0.2,1.5,0.5,4,0.5,0.6,0.4,India,BBB-,0.19222675937694653,0.8530873983356594,0.19198414878915557,10.0,0.00914745562513053,4.270564538681692,0.1200000000000001,0.4330325854993241,-0.8,0.0,0.0,4.023597124181017,0.0009367552474174097,0.015821539861337837,BB+
DENIS CHEM LAB LTD,Pharmaceuticals,712275008,20502409,92473000,706446976,261724992,1122723968,271681984,444721984,1489660289.0,,Healthcare,0.6,0.5,0.4,0.7,0.6,0.2,1.5,0.5,4,0.5,0.6,0.4,India,BBB-,0.396109815658625,0.6344168542770434,0.08236485782407381,5.483102953930136,0.01826130873158664,2.603826785691894,0.1200000000000001,0.4330325854993241,-0.8,0.0,0.0,2.3568593711912182,0.0015046278005008112,0.01607708251022537,BB+
BDH INDUSTRIES LTD,Pharmaceuticals,630044032,7868337,107013000,667484992,169168000,869380992,181764000,498316992,1519351435.0,,Healthcare,0.6,0.5,0.4,0.7,0.6,0.2,1.5,0.5,4,0.5,0.6,0.4,India,BBB-,0.5731859755222254,0.7247041720461264,0.1230910279667122,8.35892385180784,0.00905050498274524,3.777497629832178,0.1200000000000001,0.4330325854993241,-0.8,0.0,0.0,3.5305302153315026,0.001104747580864619,0.01589713641138908,BB+
TYCHE INDUSTRIES LTD,Pharmaceuticals,1264551936,7745654,93002000,1209416960,96246000,1474072064,107067000,1113170944,1433974937.0,,Healthcare,0.6,0.5,0.4,0.7,0.6,0.2,1.5,0.5,4,0.5,0.6,0.4,India,BBB-,0.7551672480511781,0.8578630359282082,0.06309189507847562,10.0,0.005254596562247855,4.264396142304207,0.1200000000000001,0.4330325854993241,-0.8,0.0,0.0,4.017428727803532,0.0009388568755787864,0.015822485594010456,BB+
ZENITH HEALTH CARE LTD,Pharmaceuticals,20322000,1340372,-1402000,83493000,34480000,108778000,34717000,49013000,240750721.0,,Healthcare,0.6,0.5,0.4,0.7,0.6,0.2,1.5,0.5,4,0.5,0.6,0.4,India,BBB-,0.45057824192391843,0.18682086451304492,-0.012888635569692402,6.934663738226229,0.01232208718674732,2.513806097143097,0.1200000000000001,0.4330325854993241,-0.8,-1.0,0.0,1.2668386826424207,0.0018760076592755836,0.016244203446674016,BB+
TIMBERWELL BERHAD,Paper & Forest Products,-37937000,4822981,15000,9265000,2830000,73415000,9972000,6435000,28941470.0,,Materials,0.6,0.5,0.4,0.7,0.6,0.2,1.5,0.5,4,0.5,0.6,0.4,Malaysia,A-,0.08765238711434993,-0.516747258734591,0.00020431791868146836,2.9022733654231847,0.06569476265068447,0.814534927967894,0.1200000000000001,0.4330325854993241,-0.8,-1.0,0.0,-0.43243248653278177,0.0035787988231964834,0.005934099117397363,BBB+
INTERRA RESOURCES LTD,"Oil, Gas & Consumable Fuels",-28854176,17121000,3633000,25153940,5469767,54234976,6435931,19684172,,,Energy,0.6,0.5,0.4,0.7,0.6,0.2,1.5,0.5,4,0.5,0.6,0.4,India,BBB-,0.36294239348423424,-0.5320215500786799,0.06698629312567594,,0.31568189501918464,,0.1200000000000001,0.4330325854993241,-0.8,0.0,0.0,,0.0,0.022000000000000002,BB
GUJARAT INTRUX LTD,Metals & Mining,632908992,7730557,124734000,571747968,36963000,724718976,57457000,534784992,1705798173.0,,Materials,0.6,0.5,0.4,0.7,0.6,0.2,1.5,0.5,4,0.5,0.6,0.4,India,BBB-,0.7379205039609726,0.8733164343139815,0.17211361111096393,10.0,0.010666971965696121,4.650726203145535,0.1200000000000001,0.4330325854993241,-0.8,0.0,0.0,4.4037587886448595,5.558028112554467e-05,0.026425011126506498,BB
CREATIVE CASTINGS LTD,Metals & Mining,406708992,5147912,42289000,369969984,46743000,477187008,57478000,323227008,788710016.0,,Materials,0.6,0.5,0.4,0.7,0.6,0.2,1.5,0.5,4,0.5,0.6,0.4,India,BBB-,0.6773591958312495,0.8523052496852555,0.08862144042278704,10.0,0.010788038889776311,4.299791100766935,0.1200000000000001,0.4330325854993241,-0.8,0.0,0.0,4.05282368626626,0.00031124036349448056,0.02654005816357252,BB
EL FORGE LTD,Metals & Mining,-204842000,9006595,36107000,148648000,107854000,379550016,154752000,40794000,460548726.0,,Materials,0.6,0.5,0.4,0.7,0.6,0.2,1.5,0.5,4,0.5,0.6,0.4,India,BBB-,0.1074799058893993,-0.5396969868656256,0.0951310722642678,2.976043773263027,0.023729665710249898,1.089366647603052,0.1200000000000001,0.4330325854993241,-0.8,0.0,0.0,0.8423992331023762,0.0026500698922933548,0.027592531451532013,BB
SMITHS & FOUNDERS INDIA LTD,Metals & Mining,96845000,1563474,14697100,32587500,10382700,223011696,24170200,22204800,611979150.0,,Materials,0.6,0.5,0.4,0.7,0.6,0.2,1.5,0.5,4,0.5,0.6,0.4,India,BBB-,0.09956787199179007,0.43425973496923675,0.06590282152735163,10.0,0.007010726468803681,3.5414654933613887,0.1200000000000001,0.4330325854993241,-0.8,-1.0,0.0,2.2944980788607134,0.0015921999100711026,0.027116489959532,BB
METAL COATINGS INDIA LTD,Metals & Mining,348428000,18958574,47041000,462264992,97693000,530625984,108930000,364572000,531193000.0,,Materials,0.6,0.5,0.4,0.7,0.6,0.2,1.5,0.5,4,0.5,0.6,0.4,India,BBB-,0.6870602100028331,0.6566357670113645,0.08865189685094653,4.876461948040026,0.0357286951104151,2.7226436651191,0.1200000000000001,0.4330325854993241,-0.8,0.0,0.0,2.475676250618424,0.0014602096189857213,0.027057094328543578,BB
LYSAGHT GALVANIZED STEEL BHD,Metals & Mining,129491000,20002732,10437000,141430000,6908000,179670000,8599000,134522000,103950000.0,,Materials,0.6,0.5,0.4,0.7,0.6,0.2,1.5,0.5,4,0.5,0.6,0.4,Malaysia,A-,0.7487170924472645,0.720715756664997,0.05808983135748873,10.0,0.11133039461234485,4.38530675126621,0.1200000000000001,0.4330325854993241,-0.8,0.0,0.0,4.138339336765535,0.0002489412714336034,0.0045000000000000005,A-
OMAN CHROMITE,Metals & Mining,2928812,13848304,1054855,2320572,790476,7155150,926338,1530096,13143900.0,,Materials,0.6,0.5,0.4,0.7,0.6,0.2,1.5,0.5,4,0.5,0.6,0.4,Oman,BB,0.21384541204586907,0.40932922440479935,0.1474259798886117,10.0,1.9354316820751487,7.762595235599534,0.1200000000000001,0.4330325854993241,-0.8,0.0,0.0,7.515627821098858,0.0,0.025,BB
GANDHI SPECIAL TUBES LTD,Metals & Mining,2596602880,20412155,650339008,772585984,98876000,2859891968,202528992,673710016,8753085452.0,,Materials,0.6,0.5,0.4,0.7,0.6,0.2,1.5,0.5,4,0.5,0.6,0.4,India,BBB-,0.23557184101298193,0.9079374008018474,0.22739985121004402,10.0,0.0071373867364209476,4.4526004259193055,0.1200000000000001,0.4330325854993241,-0.8,0.0,0.0,4.20563301141863,0.00019991708921840217,0.026489962690148285,BB
SARTHAK METALS LTD,Metals & Mining,980585984,21108184,178232992,1042412992,26109000,1199314944,38439000,1016304000,1724908500.0,,Materials,0.6,0.5,0.4,0.7,0.6,0.2,1.5,0.5,4,0.5,0.6,0.4,India,BBB-,0.8474037658618552,0.817621750571633,0.14861233314207747,10.0,0.0176002009360437,4.6420774558446585,0.1200000000000001,0.4330325854993241,-0.8,0.0,0.0,4.395110041343983,6.188098867045307e-05,0.026427846444901707,BB
SYNTHIKO FOILS LTD,Metals & Mining,53938000,2503345,4092000,59757000,5063000,70168000,7530000,54694000,370272000.0,,Materials,0.6,0.5,0.4,0.7,0.6,0.2,1.5,0.5,4,0.5,0.6,0.4,India,BBB-,0.7794721240451488,0.7686979819860905,0.05831718162125185,10.0,0.03567644795348307,4.283389721810512,0.1200000000000001,0.4330325854993241,-0.8,-1.0,0.0,3.036422307309837,0.0010516999484794032,0.026873264976815733,BB
EXHICON EVENTS MEDIA SOLUTIO,Media,991110016,16978367,358304000,849852992,192224000,1425810048,195518000,657628992,5461749454.0,,Communication Services,0.6,0.5,0.4,0.7,0.6,0.2,1.5,0.5,4,0.5,0.6,0.4,India,BBB-,0.4612318400494257,0.6951206560721334,0.2512985516567211,10.0,0.011907874421151505,4.619906479716434,0.1200000000000001,0.4330325854993241,-0.8,0.0,0.0,4.372939065215759,0.0017021725059229178,0.025515977627665314,BB
CHOWGULE STEAMSHIPS LTD,Marine Transportation,82063000,459312,-8897000,182344992,70890000,533601984,88455000,111455000,945834444.0,,Industrials,0.6,0.5,0.4,0.7,0.6,0.2,1.5,0.5,4,0.5,0.6,0.4,India,BBB-,0.20887291153700058,0.15379065756996885,-0.016673476236550126,10.0,0.0008607764097069025,3.187358044006073,0.1200000000000001,0.4330325854993241,-0.8,-1.0,0.0,1.940390629505397,0.0010353892889620295,0.023565925180032917,BB
EMKAY TAPS & CUTTING TOOLS L,Machinery,2840314880,12500099,454892992,685164032,379480000,3374414080,385344992,305684000,2657153700.0,,Industrials,0.6,0.5,0.4,0.7,0.6,0.2,1.5,0.5,4,0.5,0.6,0.4,India,BBB-,0.09058876378325212,0.8417209069966897,0.13480651195006868,6.895518963952177,0.0037043761386865715,3.041218697813213,0.1200000000000001,0.4330325854993241,-0.8,0.0,0.0,2.794251283312537,0.0010163481963821304,0.02355735668837196,BB
VELJAN DENISON LTD,Machinery,2212758016,18420187,307976992,1694804992,347380992,2675355904,417598016,1347424000,6080625000.0,,Industrials,0.6,0.5,0.4,0.7,0.6,0.2,1.5,0.5,4,0.5,0.6,0.4,India,BBB-,0.5036428977488298,0.827089215566289,0.11511626977911048,10.0,0.006885135159946181,4.233136140528988,0.1200000000000001,0.4330325854993241,-0.8,0.0,0.0,3.9861687260283123,0.0009897684374095687,0.023545395796834307,BB
JASCH GAUGING TECHNOLOGIES L,Machinery,844816000,6238316,146447008,913048000,102304000,1003139968,113004000,810744000,2538373089.0,,Industrials,0.6,0.5,0.4,0.7,0.6,0.2,1.5,0.5,4,0.5,0.6,0.4,India,BBB-,0.8082062582118151,0.8421716081000573,0.14598860844113032,10.0,0.006218789200910396,4.591048518565258,0.1200000000000001,0.4330325854993241,-0.8,0.0,0.0,4.344081104064583,0.0009817869913793598,0.023541804146120716,BB
AUSTIN ENGINEERING CO LTD,Machinery,620995008,12619699,29704000,806448000,242898000,981984000,326211008,563550016,519583299.0,,Industrials,0.6,0.5,0.4,0.7,0.6,0.2,1.5,0.5,4,0.5,0.6,0.4,India,BBB-,0.5738892038974158,0.6323881122299345,0.0302489653599244,1.5927828499276149,0.012851226700231368,1.3847141063713826,0.1200000000000001,0.4330325854993241,-0.8,0.0,0.0,1.1377466918707067,0.0010532882487712832,0.02357397971194708,BB
EPB GROUP BHD,Machinery,33752400,23111563,13673745,118348456,27562056,134409280,31778950,90786400,202740007.0,,Industrials,0.6,0.5,0.4,0.7,0.6,0.2,1.5,0.5,4,0.5,0.6,0.4,Malaysia,A-,0.675447409583624,0.2511165895688155,0.1017321497444224,6.379694955308467,0.1719491615459885,3.2797855562413027,0.1200000000000001,0.4330325854993241,-0.8,0.0,0.0,3.032818141740627,0.001011028155439184,0.0045000000000000005,A-
SHILP GRAVURES LTD,Machinery,929713024,10826841,16745000,597206016,114692000,1164360960,173150000,482513984,1707799535.0,,Industrials,0.6,0.5,0.4,0.7,0.6,0.2,1.5,0.5,4,0.5,0.6,0.4,India,BBB-,0.4144024066213969,0.798474919667523,0.014381279152471756,9.863121773029166,0.009298526292052939,3.7586274466573855,0.1200000000000001,0.4330325854993241,-0.8,0.0,0.0,3.51166003215671,0.0010003499812829054,0.02355015749157731,BB
MAZDA LTD,Machinery,2259212032,22864308,260702000,1840169984,285556992,2646917120,347655008,1554612992,5030279939.0,,Industrials,0.6,0.5,0.4,0.7,0.6,0.2,1.5,0.5,4,0.5,0.6,0.4,India,BBB-,0.5873296826158274,0.8535257922998359,0.09849269477693355,10.0,0.008638089884733528,4.258627253731314,0.1200000000000001,0.4330325854993241,-0.8,0.0,0.0,4.011659839230639,0.0009891999855851567,0.023545139993513323,BB
AXTEL INDUSTRIES LTD,Machinery,1064268032,21124581,199471008,1532264960,610630976,1877309056,651492992,921633984,7593563543.0,,Industrials,0.6,0.5,0.4,0.7,0.6,0.2,1.5,0.5,4,0.5,0.6,0.4,India,BBB-,0.49093354184512067,0.56691146755966,0.10625368655335565,10.0,0.011252585679744359,4.070595641552161,0.1200000000000001,0.4330325854993241,-0.8,0.0,0.0,3.8236282270514854,0.0009933930905367519,0.02354702689074154,BB
CEKD BHD,Machinery,15787000,8370130,10406000,40300000,3867000,81556000,6591000,36433000,75883467.0,,Industrials,0.6,0.5,0.4,0.7,0.6,0.2,1.5,0.5,4,0.5,0.6,0.4,Malaysia,A-,0.4467237235764383,0.19357251459120114,0.127593310118201,10.0,0.10263046250429153,4.106002746579038,0.1200000000000001,0.4330325854993241,-0.8,0.0,0.0,3.8590353320783626,0.0009926035120946524,0.0045000000000000005,A-
RASI ELECTRODES LTD,Machinery,290423008,9635061,30395000,324457984,27814000,391284000,38600000,296644000,613270874.0,,Industrials,0.6,0.5,0.4,0.7,0.6,0.2,1.5,0.5,4,0.5,0.6,0.4,India,BBB-,0.7581296449637603,0.7422307275533884,0.07768015047893602,10.0,0.024624214125801208,4.298748034675581,0.1200000000000001,0.4330325854993241,-0.8,0.0,0.0,4.051780620174906,0.0009883052921700996,0.023544737381476548,BB
FLUIDOMAT LTD,Machinery,755224000,8539676,263458000,501625984,110807000,929739008,125245000,390819008,5842436841.0,,Industrials,0.6,0.5,0.4,0.7,0.6,0.2,1.5,0.5,4,0.5,0.6,0.4,India,BBB-,0.4203534590214806,0.8122967773769044,0.283367695378013,10.0,0.009185024965629925,4.752588139659942,0.1200000000000001,0.4330325854993241,-0.8,0.0,0.0,4.505620725159266,0.0009781846578289482,0.02354018309602303,BB
SNL BEARINGS LTD,Machinery,642300032,6056089,115500000,587200000,56000000,750300032,71900000,531200000,1475314090.0,,Industrials,0.6,0.5,0.4,0.7,0.6,0.2,1.5,0.5,4,0.5,0.6,0.4,India,BBB-,0.7079834430821402,0.8560575831082998,0.15393841806473493,10.0,0.008071556366400369,4.549343121979234,0.1200000000000001,0.4330325854993241,-0.8,0.0,0.0,4.302375707478559,0.0009827170217232282,0.023542222659775455,BB
KUNST STOFFE INDUSTRIES LTD,Machinery,45255000,1431693,12754300,106535904,40578500,162479296,48324200,65957400,166600202.0,,Industrials,0.6,0.5,0.4,0.7,0.6,0.2,1.5,0.5,4,0.5,0.6,0.4,India,BBB-,0.40594341324570976,0.27852779470437883,0.07849800136997147,3.4475521995190817,0.008811541133216137,1.7906503748658142,0.1200000000000001,0.4330325854993241,-0.8,-1.0,0.0,0.5436829603651383,0.0010665358699838573,0.023579941141492738,BB
MINDPOOL TECHNOLOGIES LTD,IT Services,123669008,5361641,1794900,194195488,38237908,218996928,38237908,155957568,218443125.0,,Technology,0.6,0.5,0.4,0.7,0.6,0.2,1.5,0.5,4,0.5,0.6,0.4,India,BBB-,0.7121450032394975,0.5647065880303125,0.008196005379582311,5.712737344312874,0.024482722424307247,2.643541963577769,0.1200000000000001,0.4330325854993241,-0.8,0.0,0.0,2.3965745490770933,0.0011156759030274807,0.024152054156362367,BB
SHREESHAY ENGINEERS LTD,Household Durables,107120000,152236,59000,126833000,91925000,331079008,91925000,34908000,439012917.0,,Consumer Discretionary,0.6,0.5,0.4,0.7,0.6,0.2,1.5,0.5,4,0.5,0.6,0.4,India,BBB-,0.1054370683628483,0.3235481483622181,0.00017820519747358915,4.775772825673103,0.00045981773631507315,1.6803989302371063,0.1200000000000001,0.4330325854993241,-0.8,-1.0,0.0,0.43343151573643035,0.00036680918231094434,0.027665064132039927,BB
KUWAIT HOTELS SAK,"Hotels, Restaurants & Leisure",1336972,18697861,1343614,7438406,6390273,13982819,6869668,1048133,14616225.0,,Consumer Discretionary,0.6,0.5,0.4,0.7,0.6,0.2,1.5,0.5,4,0.5,0.6,0.4,Kuwait,A+,0.07495863316259761,0.09561534051180953,0.09609035202415192,2.127646488884179,1.3372025340526827,3.7567898236411335,0.1200000000000001,0.4330325854993241,-0.8,0.0,0.0,3.509822409140458,0.0,0.025,BB
PREVEST DENPRO LTD,Health Care Equipment & Supplies,935688000,7456608,201836992,857155008,59617000,1125286016,69568000,797537984,5762640373.0,,Healthcare,0.6,0.5,0.4,0.7,0.6,0.2,1.5,0.5,4,0.5,0.6,0.4,India,BBB-,0.7087424642802991,0.8315112661988328,0.17936505842084507,10.0,0.00662641132474537,4.623780131646104,0.1200000000000001,0.4330325854993241,-0.8,0.0,0.0,4.3768127171454285,0.0008164115159540982,0.015767385182179346,BB+
COASTAL ROADWAYS LTD,Ground Transportation,192500000,4850550,16500000,125800000,16200000,264800000,30800000,109600000,132565680.0,,Industrials,0.6,0.5,0.4,0.7,0.6,0.2,1.5,0.5,4,0.5,0.6,0.4,India,BBB-,0.41389728096676737,0.726963746223565,0.06231117824773414,4.30408051948052,0.018317787009063443,2.2405485516145487,0.1200000000000001,0.4330325854993241,-0.8,-1.0,0.0,0.9935811371138727,0.0010565031406423607,0.023575426413289066,BB
HORIZON FOOD FACTORY CO LTD,Food Products,32160660,18103922,10724883,35533424,10406105,124138496,11977835,25127320,260000000.0,,Consumer Staples,0.6,0.5,0.4,0.7,0.6,0.2,1.5,0.5,4,0.5,0.6,0.4,India,BBB-,0.2024136010154336,0.25907080427331747,0.08639449764237517,10.0,0.14583648572639385,3.8855199961501063,0.1200000000000001,0.4330325854993241,-0.8,0.0,0.0,3.6385525816494306,0.0010507679081179528,0.01697284555865308,BB+
PERTAMA DIGITAL BHD,Financial Services,-40518000,1882881,652000,204008000,198335008,212942000,198335008,5673000,46012134.0,,NBFIs,0.6,0.5,0.4,0.7,0.6,0.2,1.5,0.5,4,0.5,0.6,0.4,Malaysia,A-,0.02664105718928159,-0.19027716467394878,0.0030618666115655906,0.231991994070961,0.008842224643330109,0.02417284406287897,0.1200000000000001,0.4330325854993241,-0.8,-1.0,-0.7,-1.922794570437797,0.0019299062928769465,0.00544742971965771,BBB+
VARDHMAN HOLDINGS LTD,Financial Services,35372699648,2693830,165800000,35317198848,700000,35409899520,5300000,35316498432,13213597971.0,,NBFIs,0.6,0.5,0.4,0.7,0.6,0.2,1.5,0.5,4,0.5,0.6,0.4,India,BBB-,0.9973622888156674,0.998949449941845,0.004682306424121703,10.0,7.607561830212163e-05,4.313904779744487,0.1200000000000001,0.4330325854993241,-0.8,-1.0,0.0,3.0669373652438114,0.001376375370324043,0.03361936891664582,BB-
JMD VENTURES LTD,Entertainment,94907000,191126,2615300,371794912,22894700,406385696,22894700,348900192,202008800.0,,Communication Services,0.6,0.5,0.4,0.7,0.6,0.2,1.5,0.5,4,0.5,0.6,0.4,India,BBB-,0.858544470029772,0.2335392237821284,0.006435511942821924,8.823387072117127,0.00047030690765257645,3.4740862151652014,0.1200000000000001,0.4330325854993241,-0.8,-1.0,0.0,2.2271188006645257,0.002108762529650085,0.02569894313834254,BB
GFL LTD,Entertainment,25096800256,392776,17700000,538800000,5600000,26855299072,1648600064,533200000,7477489466.0,,Communication Services,0.6,0.5,0.4,0.7,0.6,0.2,1.5,0.5,4,0.5,0.6,0.4,India,BBB-,0.019854554535790946,0.9345194849148616,0.0006590878006067137,4.535660060486325,1.4625642371248734e-05,1.8461774628188272,0.1200000000000001,0.4330325854993241,-0.8,-1.0,0.0,0.5992100483181513,0.0024172186800446764,0.025837748406020107,BB
NATIONAL DRILLING CO,Energy Equipment & Services,41436584,17339991,6286823,33242204,6556095,73959360,24522772,26686110,23450000.0,,Energy,0.6,0.5,0.4,0.7,0.6,0.2,1.5,0.5,4,0.5,0.6,0.4,India,BBB-,0.3608212672473099,0.560261527411811,0.08500375070849721,0.9562540482780658,0.23445296173466076,1.622083042936235,0.1200000000000001,0.4330325854993241,-0.8,0.0,0.0,1.375115628435559,0.0022619801384127823,0.023017891062285755,BB
IQ GROUP HOLDINGS BHD,"Electronic Equipment, Instruments & Components",32432000,24569145,4612000,133813000,21549000,151728000,23119000,112264000,51030458.0,,Technology,0.6,0.5,0.4,0.7,0.6,0.2,1.5,0.5,4,0.5,0.6,0.4,Malaysia,A-,0.7399029842876726,0.21375092270378573,0.03039649899820732,2.207295211730611,0.16192887931034483,1.7912319174156295,0.1200000000000001,0.4330325854993241,-0.8,0.0,0.0,1.5442645029149535,0.0011733772931526575,0.0045000000000000005,A-
MIKRO MSC BHD,"Electronic Equipment, Instruments & Components",76497392,14926413,6960371,85349408,13157539,302472288,24252320,72191872,235622859.0,,Technology,0.6,0.5,0.4,0.7,0.6,0.2,1.5,0.5,4,0.5,0.6,0.4,Malaysia,A-,0.23867268131353575,0.2529071092952489,0.023011598999773494,9.715477076007573,0.0493480348189782,3.411271488637888,0.1200000000000001,0.4330325854993241,-0.8,0.0,0.0,3.1643040741372124,0.0010637006141809107,0.0045000000000000005,A-
GRP LTD,"Electronic Equipment, Instruments & Components",-9148000,11413097,5081000,42613000,9771000,43719000,9997000,32842000,11352412.0,,Technology,0.6,0.5,0.4,0.7,0.6,0.2,1.5,0.5,4,0.5,0.6,0.4,India,BBB-,0.7512065692261946,-0.2092454081749354,0.11621949266909125,1.1355818745623687,0.26105576522793295,1.765896868459884,0.1200000000000001,0.4330325854993241,-0.8,0.0,0.0,1.5189294539592082,0.0011750924759669616,0.024178791614185135,BB
ROYAL ARC ELECTRODES LTD,Electrical Equipment,329716992,12057400,151526000,320636992,85037000,522462016,99743000,235600000,1753831600.0,,Industrials,0.6,0.5,0.4,0.7,0.6,0.2,1.5,0.5,4,0.5,0.6,0.4,India,BBB-,0.45094187287291715,0.6310831828968788,0.29002299757615296,10.0,0.023078041332673646,4.737531663928656,0.1200000000000001,0.4330325854993241,-0.8,0.0,0.0,4.4905642494279805,0.000978520417237756,0.023540334187756994,BB
PANASONIC CARBON INDIA CO LT,Electrical Equipment,1644007296,6297727,161843184,1568337024,51206200,1775316736,56309472,1517130880,2727360059.0,,Industrials,0.6,0.5,0.4,0.7,0.6,0.2,1.5,0.5,4,0.5,0.6,0.4,India,BBB-,0.8545691308122721,0.9260360490399838,0.09116299121060052,10.0,0.0035473822063940706,4.4728385628197005,0.1200000000000001,0.4330325854993241,-0.8,0.0,0.0,4.225871148319025,0.0009844230733924858,0.02354299038302662,BB
GG ENGINEERING LTD,Electrical Equipment,720462976,21062294,71682000,1438397056,333899008,2647642880,342680992,1104498048,855629386.0,,Industrials,0.6,0.5,0.4,0.7,0.6,0.2,1.5,0.5,4,0.5,0.6,0.4,India,BBB-,0.4171627738556644,0.2721148616538496,0.02707389298665536,2.496868533636088,0.007955111378162905,1.329517058211902,0.1200000000000001,0.4330325854993241,-0.8,0.0,0.0,1.082549643711226,0.0010545191429452397,0.02357453361432536,BB
STAR DELTA TRANSFORMERS LTD,Electrical Equipment,813377024,16783410,139036000,848158016,57024000,941736000,98357000,791134016,2314654300.0,,Industrials,0.6,0.5,0.4,0.7,0.6,0.2,1.5,0.5,4,0.5,0.6,0.4,India,BBB-,0.8400804641640545,0.8636996185767561,0.1476379792213529,10.0,0.01782177807793267,4.656290664050222,0.1200000000000001,0.4330325854993241,-0.8,0.0,0.0,4.409323249549547,0.0009803320915350452,0.023541149441190772,BB
CLN ENERGY LTD,Electrical Equipment,99684000,16035280,120921000,920044032,732009984,1132738048,999004032,188034000,5165815875.0,,Industrials,0.6,0.5,0.4,0.7,0.6,0.2,1.5,0.5,4,0.5,0.6,0.4,India,BBB-,0.16599954449486276,0.088002694158641,0.10675107118852602,5.170965991656779,0.01415621204594692,2.130031953423979,0.1200000000000001,0.4330325854993241,-0.8,0.0,-0.7,1.1830645389233032,0.0010522776607820104,0.023573524947351907,BB
ADDICTIVE LEARNING TECHNOLOG,Diversified Consumer Services,524276000,7949987,104278000,525828992,101745000,794006016,110633000,424084000,2231339913.0,,Consumer Discretionary,0.6,0.5,0.4,0.7,0.6,0.2,1.5,0.5,4,0.5,0.6,0.4,India,BBB-,0.5341067843999812,0.6602922262997061,0.13133149862683155,10.0,0.010012502222653185,4.237116790309055,0.1200000000000001,0.4330325854993241,-0.8,0.0,0.0,3.9901493758083797,0.0,0.027500000000000004,BB
GLOBAL EDUCATION LTD,Diversified Consumer Services,998406976,8551223,363632992,549244032,53396000,1163949952,65898000,495848000,3308597500.0,,Consumer Discretionary,0.6,0.5,0.4,0.7,0.6,0.2,1.5,0.5,4,0.5,0.6,0.4,India,BBB-,0.42600457102815364,0.8577748332601847,0.3124129103447912,10.0,0.007346727396059036,4.877829714451503,0.1200000000000001,0.4330325854993241,-0.8,0.0,0.0,4.630862299950827,0.0,0.027500000000000004,BB
BITS LTD,Diversified Consumer Services,-21431000,133686,1728000,3502000,2304000,208319008,6000000,1198000,1296631267.0,,Consumer Discretionary,0.6,0.5,0.4,0.7,0.6,0.2,1.5,0.5,4,0.5,0.6,0.4,India,BBB-,0.005750795433895307,-0.10287587390969143,0.008294970375434968,10.0,0.0006417369268578698,2.983478569560009,0.1200000000000001,0.4330325854993241,-0.8,-1.0,0.0,1.7365111550593326,0.0,0.027500000000000004,BB
SODHANI ACADEMY OF FINTECH E,Diversified Consumer Services,18372000,247800,13940000,12939000,382000,66004000,382000,12557000,1577515000.0,,Consumer Discretionary,0.6,0.5,0.4,0.7,0.6,0.2,1.5,0.5,4,0.5,0.6,0.4,India,BBB-,0.19024604569420034,0.2783467668626144,0.21119932125325738,10.0,0.003754317920126053,4.038076480213321,0.1200000000000001,0.4330325854993241,-0.8,-1.0,0.0,2.7911090657126456,0.0,0.027500000000000004,BB
OSSIA INTERNATIONAL LTD,Distributors,30837000,22371382,1978000,33299000,6034000,68365000,6177000,27265000,41431236.0,,Industrials,0.6,0.5,0.4,0.7,0.6,0.2,1.5,0.5,4,0.5,0.6,0.4,India,BBB-,0.39881518320778175,0.45106414100782566,0.028932933518613327,6.707339485186984,0.32723443282381337,3.3125201955890065,0.1200000000000001,0.4330325854993241,-0.8,0.0,0.0,3.0655527810883303,0.0010102981729817303,0.02355463417784178,BB
MANBRO INDUSTRIES LTD,Distributors,294080000,231525,-3930000,3430000,400000,425769984,73680000,3030000,3826372580.0,,Industrials,0.6,0.5,0.4,0.7,0.6,0.2,1.5,0.5,4,0.5,0.6,0.4,India,BBB-,0.007116518575438141,0.6907015784372437,-0.009230335974083133,10.0,0.0005437795258014243,3.319825387221284,0.1200000000000001,0.4330325854993241,-0.8,-1.0,0.0,2.072857972720608,0.0010324352672083305,0.023564595870243753,BB
GRATEX INDUSTRIES LTD,Distributors,6091000,443790,1155000,27207000,3606000,41155000,4716000,23601000,65339246.0,,Industrials,0.6,0.5,0.4,0.7,0.6,0.2,1.5,0.5,4,0.5,0.6,0.4,India,BBB-,0.5734661645000607,0.14800145790304944,0.028064633701858827,10.0,0.010783379905236302,3.652566638318552,0.1200000000000001,0.4330325854993241,-0.8,-1.0,0.0,2.4055992238178767,0.0010250151373088613,0.02356125681178899,BB
BARFLEX POLYFILMS LTD,Containers & Packaging,170438000,13319610,174044992,656422976,77491000,724100992,85813000,578931968,1596310500.0,,Materials,0.6,0.5,0.4,0.7,0.6,0.2,1.5,0.5,4,0.5,0.6,0.4,India,BBB-,0.7995182638832788,0.23537876882234682,0.24036010711610792,10.0,0.018394685475033846,4.635353741374242,0.1200000000000001,0.4330325854993241,-0.8,0.0,0.0,4.388386326873567,6.677928862301036e-05,0.026430050679880357,BB
DS SIGMA HOLDINGS BHD,Containers & Packaging,36701648,18926746,11816317,96328152,11954152,131079696,16828168,84374000,115199997.0,,Materials,0.6,0.5,0.4,0.7,0.6,0.2,1.5,0.5,4,0.5,0.6,0.4,Malaysia,A-,0.6436847397021732,0.27999491240809715,0.09014605129996639,6.8456647806225845,0.14439113438285667,3.312938130468158,0.1200000000000001,0.4330325854993241,-0.8,0.0,0.0,3.065970715967482,0.0010301736077398134,0.0045000000000000005,A-
BISIL PLAST LTD,Containers & Packaging,-42167000,109859,2315000,14940000,5352000,17216000,5352000,9588000,65377512.0,,Materials,0.6,0.5,0.4,0.7,0.6,0.2,1.5,0.5,4,0.5,0.6,0.4,India,BBB-,0.5569237918215614,-2.4492913568773234,0.13446793680297398,10.0,0.006381215148698885,2.704293564126394,0.1200000000000001,0.4330325854993241,-0.8,-1.0,0.0,1.4573261496257182,0.0022020888694100184,0.02739093999123451,BB
RDB RASAYANS LTD,Containers & Packaging,1952444032,17553074,140288000,2027489024,38484000,2188016128,58424000,1989005056,2987600912.0,,Materials,0.6,0.5,0.4,0.7,0.6,0.2,1.5,0.5,4,0.5,0.6,0.4,India,BBB-,0.9090449702571844,0.8923353018355813,0.06411652921783216,10.0,0.008022369568200917,4.413856218522352,0.1200000000000001,0.4330325854993241,-0.8,0.0,0.0,4.166888804021677,0.0002281426704933637,0.026502664201722016,BB
FLORA CORP LTD,Consumer Staples Distribution & Retail,-39130000,17498334,1633000,145540000,97730000,145940000,97730000,47810000,95461256.0,,Consumer Staples,0.6,0.5,0.4,0.7,0.6,0.2,1.5,0.5,4,0.5,0.6,0.4,India,BBB-,0.3276003837193367,-0.26812388652871044,0.011189529943812527,0.9767855929601965,0.11990087707276963,0.7000191505480562,0.1200000000000001,0.4330325854993241,-0.8,0.0,-0.7,-0.24694826395261948,0.002092082134739302,0.017441436960632686,BB+
TAAL ENTERPRISES LTD,Construction & Engineering,2009218944,21903213,531304000,2179429888,226512992,2278807040,238424000,1952916992,11519870142.0,,Industrials,0.6,0.5,0.4,0.7,0.6,0.2,1.5,0.5,4,0.5,0.6,0.4,India,BBB-,0.856990942067653,0.8816977079375707,0.23315006083182893,10.0,0.009611701480437764,4.961690223495184,0.1200000000000001,0.4330325854993241,-0.8,0.0,0.0,4.714722808994509,0.0009735216813594224,0.023538084756611743,BB
LEBTECH BHD,Construction & Engineering,38594000,2963585,889000,123705000,40159000,157327008,40159000,83546000,109186940.0,,Industrials,0.6,0.5,0.4,0.7,0.6,0.2,1.5,0.5,4,0.5,0.6,0.4,Malaysia,A-,0.5310340612337838,0.245310709779722,0.005650650904134654,2.7188660076197118,0.018837102654364342,1.4205938896360015,0.1200000000000001,0.4330325854993241,-0.8,-1.0,0.0,0.1736264751353256,0.0010747881296044822,0.0045000000000000005,A-
NOVA PHARMA SOLUTIONS BHD,Construction & Engineering,10460745,2775836,6587157,21844270,3600732,22056908,3611162,18243538,,,Industrials,0.6,0.5,0.4,0.7,0.6,0.2,1.5,0.5,4,0.5,0.6,0.4,Malaysia,A-,0.8271122135523257,0.47426162361469704,0.29864371742403784,,0.12584882704321024,,0.1200000000000001,0.4330325854993241,-0.8,-1.0,0.0,,0.0,0.0045000000000000005,A-
SHANTIDOOT INFRA SERVICES LT,Construction & Engineering,37006000,1208441,16899000,61433000,16932000,72918000,17932000,44501000,410843000.0,,Industrials,0.6,0.5,0.4,0.7,0.6,0.2,1.5,0.5,4,0.5,0.6,0.4,India,BBB-,0.6102882690145095,0.5075015771140184,0.23175347650785813,10.0,0.016572602100990153,4.5862637757481,0.1200000000000001,0.4330325854993241,-0.8,-1.0,0.0,3.339296361247425,0.0010041936911441823,0.023551887161014886,BB
DRA CONSULTANTS LTD,Construction & Engineering,218523008,2538943,30408000,171599008,28675000,356897984,28675000,142924000,316265099.0,,Industrials,0.6,0.5,0.4,0.7,0.6,0.2,1.5,0.5,4,0.5,0.6,0.4,India,BBB-,0.40046177453330756,0.612284231899724,0.0852008174974729,10.0,0.0071139180208986555,3.93894223285946,0.1200000000000001,0.4330325854993241,-0.8,-1.0,0.0,2.6919748183587844,0.001018628961550599,0.02355838303269777,BB
CONART ENGINEERS LTD,Construction & Engineering,289847680,6687819,33835000,344080704,96572480,418099520,96851832,247508224,628000000.0,,Industrials,0.6,0.5,0.4,0.7,0.6,0.2,1.5,0.5,4,0.5,0.6,0.4,India,BBB-,0.591983994624055,0.6932504490796833,0.08092570878818517,6.484131348181416,0.01599575861746983,3.080683322687098,0.1200000000000001,0.4330325854993241,-0.8,0.0,0.0,2.833715908186422,0.0010154681352474426,0.02355696066086135,BB
RITHWIK FACILITY MANAGEMENT,Commercial Services & Supplies,176084000,4396778,35827000,77369000,59847000,284233984,77550000,17522000,498015000.0,,Industrials,0.6,0.5,0.4,0.7,0.6,0.2,1.5,0.5,4,0.5,0.6,0.4,India,BBB-,0.06164639341648886,0.6195036832752554,0.1260475594642476,6.421856866537718,0.015468868071736277,2.757730210600473,0.1200000000000001,0.4330325854993241,-0.8,-1.0,0.0,1.5107627960997974,0.0010449699896469744,0.02357023649534114,BB
MTAG GROUP BHD,Commercial Services & Supplies,83620000,18481310,15557000,187384992,5448000,240656000,10470000,181936992,210107152.0,,Industrials,0.6,0.5,0.4,0.7,0.6,0.2,1.5,0.5,4,0.5,0.6,0.4,Malaysia,A-,0.7560043880061166,0.3474669237417725,0.06464413935243667,10.0,0.07679555049531281,4.158382560999933,0.1200000000000001,0.4330325854993241,-0.8,0.0,0.0,3.911415146499258,0.0009914354422330665,0.0045000000000000005,A-
EVANS ELECTRIC LTD,Commercial Services & Supplies,207716000,3004016,93274000,187848000,86114000,349747008,87191000,101734000,1035860000.0,,Industrials,0.6,0.5,0.4,0.7,0.6,0.2,1.5,0.5,4,0.5,0.6,0.4,India,BBB-,0.2908788286188856,0.5939035795840175,0.26668991547170007,10.0,0.008589111361318636,4.480247779560704,0.1200000000000001,0.4330325854993241,-0.8,-1.0,0.0,3.233280365060029,0.0010065578478591613,0.023552951031536627,BB
GEM ENVIRO MANAGEMENT LTD,Commercial Services & Supplies,235483008,7003767,145748000,400868000,73579000,415964992,75219000,327288992,1532525163.0,,Industrials,0.6,0.5,0.4,0.7,0.6,0.2,1.5,0.5,4,0.5,0.6,0.4,India,BBB-,0.7868185984266676,0.5661125636265083,0.350385255497655,10.0,0.016837395296958067,5.1725343453902966,0.1200000000000001,0.4330325854993241,-0.8,0.0,0.0,4.925566930889621,0.0009688198574411614,0.023535968935848525,BB
OMKAR PHARMACHEM LTD,Chemicals,-6500000,63885,2849000,2651000,1696000,96033000,1696000,955000,272592151.0,,Materials,0.6,0.5,0.4,0.7,0.6,0.2,1.5,0.5,4,0.5,0.6,0.4,India,BBB-,0.009944498245394812,-0.06768506659169243,0.029666885341497192,10.0,0.0006652400737246571,3.079277644143159,0.1200000000000001,0.4330325854993241,-0.8,-1.0,0.0,1.8323102296424834,0.0019289088422929247,0.02726800897903182,BB
INDIAN TONERS & DEVELOPERS,Chemicals,1914161024,18099435,276084992,1367689984,155452000,2295723008,277644992,1212237952,2725231717.0,,Materials,0.6,0.5,0.4,0.7,0.6,0.2,1.5,0.5,4,0.5,0.6,0.4,India,BBB-,0.5280419056548481,0.833794415671945,0.12026058502611828,9.815526285451602,0.007883980313360173,4.220668626213466,0.1200000000000001,0.4330325854993241,-0.8,0.0,0.0,3.9737012117127906,0.0003688819565539031,0.02656599688044926,BB
CAMEX LTD,Chemicals,326160000,15811679,33642000,536804000,174450000,615329024,187082000,362353984,448059837.0,,Materials,0.6,0.5,0.4,0.7,0.6,0.2,1.5,0.5,4,0.5,0.6,0.4,India,BBB-,0.5888784209210324,0.5300578833089465,0.05467318895719764,2.394991698827252,0.025696299675927525,1.6973779487415217,0.1200000000000001,0.4330325854993241,-0.8,0.0,0.0,1.4504105342408458,0.002207126971289667,0.027393207137080353,BB
AMAL LTD,Chemicals,868169984,16008848,341137984,395191008,209564000,1216276992,224480000,185627008,7481265211.0,,Materials,0.6,0.5,0.4,0.7,0.6,0.2,1.5,0.5,4,0.5,0.6,0.4,India,BBB-,0.1526190244664268,0.7137929844191281,0.2804772155058574,10.0,0.013162172848205946,4.486986311749618,0.1200000000000001,0.4330325854993241,-0.8,0.0,0.0,4.240018897248943,0.00017486659314627524,0.02647868996691583,BB
3B BLACKBIO DX LTD,Chemicals,2598539008,11412823,490231008,1321895936,185882000,2957184000,247135008,1136013952,13909504345.0,,Materials,0.6,0.5,0.4,0.7,0.6,0.2,1.5,0.5,4,0.5,0.6,0.4,India,BBB-,0.3841539626888283,0.8787207721940874,0.16577629528632645,10.0,0.0038593550485867636,4.3346192998474224,0.1200000000000001,0.4330325854993241,-0.8,0.0,0.0,4.087651885346747,0.00028586763735415554,0.026528640436809373,BB
KANCHI KARPOORAM LTD,Chemicals,2064502016,17923349,144652000,1420077056,60007000,2174242048,80824000,1360070016,1921302936.0,,Materials,0.6,0.5,0.4,0.7,0.6,0.2,1.5,0.5,4,0.5,0.6,0.4,India,BBB-,0.6255375372080009,0.9495272239349131,0.06652985123393217,10.0,0.008243492952630084,4.22453510695788,0.1200000000000001,0.4330325854993241,-0.8,0.0,0.0,3.977567692457205,0.0003660651828003088,0.026564729332260142,BB
IMASPRO CORP BHD,Chemicals,85714000,10715623,5324000,88188000,4055000,135391008,6820000,84133000,68000002.0,,Materials,0.6,0.5,0.4,0.7,0.6,0.2,1.5,0.5,4,0.5,0.6,0.4,Malaysia,A-,0.6214075900816102,0.6330848796103209,0.03932314323267318,9.970674780058651,0.07914575094972334,4.100793449101847,0.1200000000000001,0.4330325854993241,-0.8,0.0,0.0,3.8538260346011715,0.0004562123417066657,0.0045000000000000005,A-
RISHIROOP LTD,Chemicals,1226924032,9677095,122645000,445134016,143656992,1525389952,206830000,301476992,1160570334.0,,Materials,0.6,0.5,0.4,0.7,0.6,0.2,1.5,0.5,4,0.5,0.6,0.4,India,BBB-,0.19763929322119989,0.8043346754653331,0.08040239142731681,5.611228226079389,0.006344013861709245,2.5377436378524703,0.1200000000000001,0.4330325854993241,-0.8,0.0,0.0,2.290776223351794,0.001594911322749761,0.027117710095237394,BB
MULTIBASE INDIA LTD,Chemicals,658897984,8370002,136563008,755467008,81963000,885833024,100735000,673504000,3556947077.0,,Materials,0.6,0.5,0.4,0.7,0.6,0.2,1.5,0.5,4,0.5,0.6,0.4,India,BBB-,0.7603058158283338,0.7438173630338712,0.15416337424783116,10.0,0.009448735566670407,4.538622615180353,0.1200000000000001,0.4330325854993241,-0.8,0.0,0.0,4.291655200679678,0.00013724897809764712,0.026461762040143944,BB
DEEPAK CHEMTEX LTD,Chemicals,426577984,8044435,113654000,291611008,97639000,643182016,107964000,193972000,1556268000.0,,Materials,0.6,0.5,0.4,0.7,0.6,0.2,1.5,0.5,4,0.5,0.6,0.4,India,BBB-,0.3015818153721512,0.6632305838601059,0.17670581137641758,10.0,0.012507244916499655,4.216365573878235,0.1200000000000001,0.4330325854993241,-0.8,0.0,0.0,3.96939815937756,0.00037201677751369424,0.026567407549881166,BB
TITAN BIO-TECH LTD,Chemicals,1451394944,18509082,212566000,790379008,177364000,1747074944,213043008,613014976,3567026055.0,,Materials,0.6,0.5,0.4,0.7,0.6,0.2,1.5,0.5,4,0.5,0.6,0.4,India,BBB-,0.35088075534783697,0.8307571171943955,0.12166965173990842,10.0,0.010594326284379476,4.143115596533905,0.1200000000000001,0.4330325854993241,-0.8,0.0,0.0,3.8961481820332295,0.0004253801917587898,0.026591421086291457,BB
INDIA GELATINE & CHEMICALS,Chemicals,1644087040,23487154,156588992,944081984,106905000,1945219968,230210000,837177024,2806423197.0,,Materials,0.6,0.5,0.4,0.7,0.6,0.2,1.5,0.5,4,0.5,0.6,0.4,India,BBB-,0.4303765321002504,0.8451933802069628,0.08049937517400603,10.0,0.012074292052506834,4.072794312997717,0.1200000000000001,0.4330325854993241,-0.8,0.0,0.0,3.8258268984970414,0.00047661002034902165,0.026614474509157063,BB
RAGHAV PRODUCTIVITY ENHANCER,Chemicals,1477960960,23619562,472647008,1358354048,275527008,2313603072,376590016,1082827008,33389472910.0,,Materials,0.6,0.5,0.4,0.7,0.6,0.2,1.5,0.5,4,0.5,0.6,0.4,India,BBB-,0.4680262665211399,0.6388135362918467,0.20429044796842316,10.0,0.010208994916133998,4.429262339084584,0.1200000000000001,0.4330325854993241,-0.8,0.0,0.0,4.182294924583909,0.00021691914219645198,0.026497613613988405,BB
POLYCHEM LTD,Chemicals,440001984,4830438,26818000,213188992,32528000,544444992,48469000,180660992,794352470.0,,Materials,0.6,0.5,0.4,0.7,0.6,0.2,1.5,0.5,4,0.5,0.6,0.4,India,BBB-,0.3318259781146081,0.8081660966035665,0.04925750148143525,10.0,0.008872224138301929,3.859689534255097,0.1200000000000001,0.4330325854993241,-0.8,-1.0,0.0,2.6127221197544213,0.0013603701958155867,0.027012166588117018,BB
CHEMBOND CHEMICALS LTD,Chemicals,1494413056,23815004,109348000,1012884992,455008000,2017395968,455742016,557876992,3376192743.0,,Materials,0.6,0.5,0.4,0.7,0.6,0.2,1.5,0.5,4,0.5,0.6,0.4,India,BBB-,0.2765332145245965,0.7407633799732071,0.0542025471124566,7.4081226318180855,0.01180482383119346,3.027363613707691,0.1200000000000001,0.4330325854993241,-0.8,0.0,0.0,2.780396199207015,0.0012382177845194982,0.026957198003033776,BB
CHEMCON SPECIALITY CHEMI LTD,Chemicals,4640279040,24536896,223463008,3190418944,476860992,5539398144,532812000,2713558016,7510026476.0,,Materials,0.6,0.5,0.4,0.7,0.6,0.2,1.5,0.5,4,0.5,0.6,0.4,India,BBB-,0.4898651343448188,0.8376864993945451,0.04034066557249437,10.0,0.004429523815069538,3.960786734306997,0.1200000000000001,0.4330325854993241,-0.8,0.0,0.0,3.713819319806322,0.0005582087735085763,0.026651193948078862,BB
UNIVERSUS PHOTO IMAGINGS LTD,Chemicals,8632800256,2910330,-18800000,3864399872,21300000,8923199488,180900000,3843099904,2802330624.0,,Materials,0.6,0.5,0.4,0.7,0.6,0.2,1.5,0.5,4,0.5,0.6,0.4,India,BBB-,0.43068631483227915,0.96745570550221,-0.002106867612371819,10.0,0.0003261531924635147,3.821555174358554,0.1200000000000001,0.4330325854993241,-0.8,-1.0,0.0,2.574587759857878,0.0013881514964781772,0.027024668173415183,BB
TAINWALA CHEMICALS & PLAST,Chemicals,1442562944,1942231,8948000,45580000,3100000,1671510016,135308000,42480000,2080182108.0,,Materials,0.6,0.5,0.4,0.7,0.6,0.2,1.5,0.5,4,0.5,0.6,0.4,India,BBB-,0.025414146247030325,0.8630297935349016,0.005353243423220983,10.0,0.0011619619274838974,3.4729064896013164,0.1200000000000001,0.4330325854993241,-0.8,-1.0,0.0,2.2259390751006407,0.0016421458984593568,0.027138965654306714,BB
ASHISH POLYPLAST LTD,Building Products,33199000,1894601,3381000,26858000,9313000,80716000,13542000,17545000,132536469.0,,Industrials,0.6,0.5,0.4,0.7,0.6,0.2,1.5,0.5,4,0.5,0.6,0.4,India,BBB-,0.21736706477030576,0.4113063085385797,0.041887605926953765,9.787067567567567,0.02347243421378661,3.509218565527716,0.1200000000000001,0.4330325854993241,-0.8,-1.0,0.0,2.2622511510270407,0.0010282117993320968,0.023562695309699445,BB
ZENOTECH LABORATORIES LTD,Biotechnology,351001984,5092734,72201000,359894016,125870000,1110305024,148996992,234024000,3857742147.0,,Healthcare,0.6,0.5,0.4,0.7,0.6,0.2,1.5,0.5,4,0.5,0.6,0.4,India,BBB-,0.2107745123559848,0.31613113190776665,0.06502807646486881,10.0,0.00458678821577592,3.563457019897264,0.1200000000000001,0.4330325854993241,-0.8,0.0,0.0,3.3164896053965887,0.0011776731430349337,0.015929952914365723,BB+
SAINT GOBAIN SEKURIT INDIA,Automobile Components,961953984,24250697,333540992,2056747008,226512992,2259961088,273702016,1830233984,10326830956.0,,Consumer Discretionary,0.6,0.5,0.4,0.7,0.6,0.2,1.5,0.5,4,0.5,0.6,0.4,India,BBB-,0.8098519898055873,0.42565068447762583,0.147587050843948,10.0,0.010730581658581194,4.398722775354263,0.1200000000000001,0.4330325854993241,-0.8,0.0,0.0,4.1517553608535875,0.0,0.027500000000000004,BB
IST LTD,Automobile Components,14673773568,13608915,761441024,1711202048,236728992,15608786944,876545024,1474472960,10317490127.0,,Consumer Discretionary,0.6,0.5,0.4,0.7,0.6,0.2,1.5,0.5,4,0.5,0.6,0.4,India,BBB-,0.09446428894762932,0.9400969864375388,0.04878284435118752,10.0,0.000871875248782946,3.718103630103595,0.1200000000000001,0.4330325854993241,-0.8,0.0,0.0,3.471136215602919,0.0,0.027500000000000004,BB
SIKA INTERPLANT SYSTEMS LTD,Aerospace & Defense,1196782976,17469147,277640992,687592000,244384992,1526072960,286888000,443207008,27970315423.0,,Industrials,0.6,0.5,0.4,0.7,0.6,0.2,1.5,0.5,4,0.5,0.6,0.4,India,BBB-,0.2904232101720746,0.7842239574181302,0.18193166334589927,10.0,0.011447124389124881,4.284105617335622,0.1200000000000001,0.4330325854993241,-0.8,0.0,0.0,4.037138202834947,0.0009886318180767806,0.023544884318134555,BB
TANEJA AEROSPACE AVIATION,Aerospace & Defense,1295865984,4805226,223254000,251212992,65462000,1593052032,169683008,185751008,9741204752.0,,Industrials,0.6,0.5,0.4,0.7,0.6,0.2,1.5,0.5,4,0.5,0.6,0.4,India,BBB-,0.11660071627842473,0.8134486243824082,0.14014231520091366,10.0,0.0030163647536152792,3.996535717924372,0.1200000000000001,0.4330325854993241,-0.8,-1.0,0.0,2.749568303423697,0.0010173446268336515,0.023557805082075146,BB
DEEP DIAMOND INDIA LTD,,175504000,148959,11903000,50870000,16067000,239595008,16041000,34803000,225834991.0,,Industrials,0.6,0.5,0.4,0.7,0.6,0.2,1.5,0.5,4,0.5,0.6,0.4,India,BBB-,0.14525761738742068,0.7325027406247129,0.04967966611391169,10.0,0.0006217116176310318,3.657579718856246,0.1200000000000001,0.4330325854993241,-0.8,-1.0,0.0,2.4106123043555705,0.0010249033456128708,0.023561206505525793,BB
SOUTHERN GAS LTD,,241538000,4224947,11784000,83526000,82498000,337671008,93883000,1028000,510300.0,,Industrials,0.6,0.5,0.4,0.7,0.6,0.2,1.5,0.5,4,0.5,0.6,0.4,India,BBB-,0.0030443833661905613,0.715305709633206,0.03489787313928947,0.005435488853147002,0.01251202176054155,0.5088856076740959,0.1200000000000001,0.4330325854993241,-0.8,-1.0,0.0,-0.73808180682658,0.0010951192242922327,0.023592803650931506,BB
LIKHAMI CONSULTING LTD,,249555008,79478,2957000,77494000,611000,349667008,612000,76883000,3450659879.0,,Industrials,0.6,0.5,0.4,0.7,0.6,0.2,1.5,0.5,4,0.5,0.6,0.4,India,BBB-,0.21987490452630865,0.7136933204747758,0.008456617102406184,10.0,0.00022729625095199143,3.5627993362187604,0.1200000000000001,0.4330325854993241,-0.8,-1.0,0.0,2.315831921718085,0.0010270169481456867,0.02356215762666556,BB
TASHI INDIA LTD,,174300000,87582,2750000,172624992,2263000,184359008,2634000,170362000,86501250.0,,Industrials,0.6,0.5,0.4,0.7,0.6,0.2,1.5,0.5,4,0.5,0.6,0.4,India,BBB-,0.9240774391669541,0.9454379359645936,0.014916548043044363,10.0,0.0004750622220748769,4.265138961910665,0.1200000000000001,0.4330325854993241,-0.8,-1.0,0.0,3.01817154740999,0.0010113547744927572,0.023555109648521744,BB
ROTOGRAPHICS INDIA LTD,,5023000,95509,1337000,12943000,6658000,48094000,7058000,6285000,217158390.0,,Industrials,0.6,0.5,0.4,0.7,0.6,0.2,1.5,0.5,4,0.5,0.6,0.4,India,BBB-,0.13068158190210838,0.10444130244936999,0.027799725537489085,10.0,0.0019858818147793903,3.258036719757142,0.1200000000000001,0.4330325854993241,-0.8,-1.0,0.0,2.0110693052564663,0.0010338131544927807,0.023565215919521754,BB
MILESTONE GLOBAL LTD,,44499000,1456017,434000,77809000,12413000,109580000,14906000,65396000,113796902.0,,Industrials,0.6,0.5,0.4,0.7,0.6,0.2,1.5,0.5,4,0.5,0.6,0.4,India,BBB-,0.5967877349881365,0.4060868771673663,0.003960576747581676,7.63430175768147,0.013287251323234167,3.0112006751416382,0.1200000000000001,0.4330325854993241,-0.8,-1.0,0.0,1.764233260640962,0.0010393175982877066,0.02356769291922947,BB
GENOMIC VALLEY BIOTECH LTD,,8436533,99843,4369716,26217180,4578808,43565624,4584091,21638372,143561500.0,,Industrials,0.6,0.5,0.4,0.7,0.6,0.2,1.5,0.5,4,0.5,0.6,0.4,India,BBB-,0.4966845419223193,0.19365114568311934,0.10030192612413862,10.0,0.002291783999237564,3.849813515812375,0.1200000000000001,0.4330325854993241,-0.8,-1.0,0.0,2.6028461013117,0.001020616531940749,0.02355927743937334,BB
SCAN PROJECTS LTD,,25552000,1412551,2647000,61314000,12763000,68379000,14094000,48551000,227076895.0,,Industrials,0.6,0.5,0.4,0.7,0.6,0.2,1.5,0.5,4,0.5,0.6,0.4,India,BBB-,0.7100279325523918,0.37368197838517675,0.03871071527808245,10.0,0.02065767267728396,3.9316661840623586,0.1200000000000001,0.4330325854993241,-0.8,-1.0,0.0,2.6846987695616837,0.0010187912174387745,0.02355845604784745,BB
LE LAVOIR LTD,,43500000,313760,11623000,70408000,52355000,129007000,53107000,18053000,970865980.0,,Industrials,0.6,0.5,0.4,0.7,0.6,0.2,1.5,0.5,4,0.5,0.6,0.4,India,BBB-,0.139938142891471,0.337191005139256,0.0900958862697373,10.0,0.0024321160867239763,3.600745851000333,0.1200000000000001,0.4330325854993241,-0.8,-1.0,0.0,2.353778436499658,0.0010261707408660576,0.02356177683338973,BB
ROLCON ENGINEERING CO LTD,,251248000,6895790,35944000,244611008,125886000,385216000,126408000,118725000,725835582.0,,Industrials,0.6,0.5,0.4,0.7,0.6,0.2,1.5,0.5,4,0.5,0.6,0.4,India,BBB-,0.30820370908788836,0.6522262834357867,0.09330868915102176,5.742006692614392,0.017901099642797808,2.657660728086693,0.1200000000000001,0.4330325854993241,-0.8,0.0,0.0,2.410693313586017,0.0010249015391070317,0.023561205692598168,BB
CRANE INFRASTRUCTURE LTD,,229070000,162221,8501000,8865000,3483000,305059008,3569000,5382000,140639641.0,,Industrials,0.6,0.5,0.4,0.7,0.6,0.2,1.5,0.5,4,0.5,0.6,0.4,India,BBB-,0.017642488367365306,0.7509039038112915,0.02786673980136984,10.0,0.0005317692503609007,3.488163070405054,0.1200000000000001,0.4330325854993241,-0.8,-1.0,0.0,2.241195655904378,0.0010286813368733322,0.023562906601593003,BB
HINDUSTAN HOUSING CO LTD,,636675008,598167,9838000,179970000,6938000,707849024,70569000,173032000,937508.0,,Industrials,0.6,0.5,0.4,0.7,0.6,0.2,1.5,0.5,4,0.5,0.6,0.4,India,BBB-,0.24444760695184628,0.8994502872974224,0.013898443971012666,0.013284983491334721,0.000845048844766084,0.6996033758456651,0.1200000000000001,0.4330325854993241,-0.8,-1.0,0.0,-0.5473640386550107,0.0010908662180620066,0.023590889798127904,BB
SHUKRA BULLIONS LTD,,-24074000,184747,598000,108404000,107561000,135867008,109810000,843000,90375708.0,,Industrials,0.6,0.5,0.4,0.7,0.6,0.2,1.5,0.5,4,0.5,0.6,0.4,India,BBB-,0.0062045967774605,-0.1771879748761377,0.004401362838578149,0.8230189235953009,0.001359763512272236,0.18139966402205782,0.1200000000000001,0.4330325854993241,-0.8,-1.0,-0.7,-1.765567750478618,0.001118032160835673,0.023603114472376056,BB
HIAP SENG INDUSTRIES LTD,,7311000,17086068,5895000,27027000,4572000,36025000,4572000,22455000,31354854.0,,Industrials,0.6,0.5,0.4,0.7,0.6,0.2,1.5,0.5,4,0.5,0.6,0.4,India,BBB-,0.6233171408743928,0.20294240111034004,0.16363636363636364,6.858017060367454,0.47428363636363635,4.1788245768194665,0.1200000000000001,0.4330325854993241,-0.8,0.0,0.0,3.9318571623187912,0.000990979585280291,0.02354594081337613,BB
ABM INTERNATIONAL LTD,,151042000,17044556,18968000,210851008,19112000,267502000,22380000,191739008,465696000.0,,Industrials,0.6,0.5,0.4,0.7,0.6,0.2,1.5,0.5,4,0.5,0.6,0.4,India,BBB-,0.716775979245015,0.5646387690559322,0.0709078810625715,10.0,0.06371748996269187,4.231352731568362,0.1200000000000001,0.4330325854993241,-0.8,0.0,0.0,3.9843853170676864,0.0009898082074293905,0.023545413693343228,BB
ALNA TRADING & EXPORTS LTD,,17879000,249851,189000,17958000,71000,19951000,72000,17887000,5790000.0,,Industrials,0.6,0.5,0.4,0.7,0.6,0.2,1.5,0.5,4,0.5,0.6,0.4,India,BBB-,0.8965465390206004,0.8961455566137035,0.009473209362939201,10.0,0.012523231918199589,4.223512706130019,0.1200000000000001,0.4330325854993241,-0.8,-1.0,0.0,2.9765452916293436,0.0010122830399966656,0.023555527367998503,BB
SHIVA SUITINGS LTD,,5307000,307880,731000,21281000,470000,21281000,470000,20811000,35814125.0,,Industrials,0.6,0.5,0.4,0.7,0.6,0.2,1.5,0.5,4,0.5,0.6,0.4,India,BBB-,0.9779145716836615,0.2493773788825713,0.034349889572858415,10.0,0.014467365255392134,4.056179690804003,0.1200000000000001,0.4330325854993241,-0.8,-1.0,0.0,2.8092122763033274,0.0010160145662384357,0.023557206554807298,BB
